high_value,churn_rate,n
False,0.2437038439689453,5281
True,0.33030646992054485,1762
